,lat_centre,long_centre,num_venues,venue_iter,venue_id,venue_name,lat_venue,long_venue,category
0,41.2875,19.85203333333333,1,0,4e399d15483b6aaecd64d53f,Bar Restaurant New Castle,41.28382990105095,19.85352118266508,Italian Restaurant
1,41.2875,19.865366666666667,2,0,518e539c498ee54e67c4a24e,Nari i Lundrës,41.28813764017958,19.866693718319272,Eastern European Restaurant
2,41.2875,19.865366666666667,2,1,54d757cd498eb2f396c6fc36,Rezort Nano,41.28640052510692,19.86234132710023,Mediterranean Restaurant
3,41.307500000000005,19.8387,1,0,53fc9989498ea1afe5b74e5a,Restorant PRIMITIVO,41.31120874077254,19.83642197002112,Italian Restaurant
4,41.3175,19.7987,1,0,5146126fe4b0d65ff491138d,Venezia,41.317246,19.80087,Italian Restaurant
5,41.3175,19.812033333333332,33,0,50a640bfe4b09c61edabc4e3,Amor,41.31959715034793,19.80814913279376,Italian Restaurant
6,41.3175,19.812033333333332,33,1,51fc1c8e498ea0eea88d4840,SerendiVille,41.31408241970475,19.808732250284102,Mexican Restaurant
7,41.3175,19.812033333333332,33,2,5e629f92ddc4160008e800c2,Opa - Greek Street Food,41.321784,19.813558,Souvlaki Shop
8,41.3175,19.812033333333332,33,3,5d24cf6a6438030023b9b743,Sakura Sushi,41.32179,19.813487,Japanese Restaurant
9,41.3175,19.812033333333332,33,4,53625386498e5839aa5aaae9,Vita 99,41.3207112054837,19.809079330800202,Italian Restaurant
10,41.3175,19.812033333333332,33,5,53d9f250498ec4fe2406e439,Doppio Bar,41.32050704956055,19.81157875061035,Mexican Restaurant
11,41.3175,19.812033333333332,33,6,5615731a498e59fb2c011321,CANDELA,41.31414473851531,19.815300066454313,Italian Restaurant
12,41.3175,19.812033333333332,33,7,51719700e4b038ac6a7315cc,Il Siciliano,41.3158741800364,19.81528262505078,Italian Restaurant
13,41.3175,19.812033333333332,33,8,504e3d75e4b05ebf6ea7367a,Mexican Cantina,41.31433194196063,19.815736101704644,Mexican Restaurant
14,41.3175,19.812033333333332,33,9,53873297498edb61054c87da,Oazi I Shijes,41.316222,19.806523,Greek Restaurant
15,41.3175,19.812033333333332,33,10,54007d32498e7d09dec4f30c,La Bottega dei Sapori,41.319465,19.813223,Italian Restaurant
16,41.3175,19.812033333333332,33,11,586d4d3b3e9dfb30752ba951,The Fish,41.31416,19.813473,Seafood Restaurant
17,41.3175,19.812033333333332,33,12,50c1e891e4b05f96d6dfb631,Z.E.N. Souvlaki Academy,41.3189018320905,19.81580375326652,Souvlaki Shop
18,41.3175,19.812033333333332,33,13,52a9efb411d2a3369a6a1000,Fior di Panna,41.319684,19.816426,Italian Restaurant
19,41.3175,19.812033333333332,33,14,53f8f7cd498ebfcd2a0f299f,Hola!,41.320346,19.815764,Spanish Restaurant
20,41.3175,19.812033333333332,33,15,5134b0c6e4b0ca4edad73e10,Romagna Mia,41.321075627820015,19.81242224160844,Italian Restaurant
21,41.3175,19.812033333333332,33,16,58f37689e65d0c65151805cc,Eatalian's,41.321208,19.814181,Italian Restaurant
22,41.3175,19.812033333333332,33,17,564cb38c498e868087d6d482,Dal MAESTRO,41.31882858276367,19.816213607788086,Italian Restaurant
23,41.3175,19.812033333333332,33,18,5335779f498e24d14275a083,VIVA Restaurant,41.320476004892086,19.816497710687926,Mexican Restaurant
24,41.3175,19.812033333333332,33,19,50803d7be4b0f71a250b83a9,Istanbul Restaurant,41.314314335708374,19.816195392504675,Turkish Restaurant
25,41.3175,19.812033333333332,33,20,4fba8eb1e4b08bf7c7201294,Gusto Di Mare,41.32025100102952,19.816131440600447,Italian Restaurant
26,41.3175,19.812033333333332,33,21,5b4b4f618ad62e002c068f99,The Home,41.315931,19.809677,Mediterranean Restaurant
27,41.3175,19.812033333333332,33,22,4e39620d14959f8577a829d9,Juvenilja,41.32165864038148,19.813678902847695,Eastern European Restaurant
28,41.3175,19.812033333333332,33,23,562b825d498ece4c610ee26f,AMBROSIA,41.31835848770596,19.81453845896343,Italian Restaurant
29,41.3175,19.812033333333332,33,24,4bdab8ab63c5c9b64fb42468,Mamma Rosa,41.31996627026844,19.813933824684963,Mediterranean Restaurant
30,41.3175,19.812033333333332,33,25,58f376ffc8772e1033f788ce,Eatalian's,41.321227,19.814311,Italian Restaurant
31,41.3175,19.812033333333332,33,26,56d49f49cd10744a2b9a9ba5,munegu,41.320552,19.815755,New American Restaurant
32,41.3175,19.812033333333332,33,27,51a9e58e498e75de5c7b6deb,Natyral Restorant,41.3209241403201,19.81517216283991,Eastern European Restaurant
33,41.3175,19.812033333333332,33,28,517d1511e4b00db688e4de42,Antinori,41.320052291838145,19.81093973107474,Italian Restaurant
34,41.3175,19.812033333333332,33,29,50eded85e4b0e0a4d0d91e13,Il Piacere,41.320392959046465,19.815811681179664,Italian Restaurant
35,41.3175,19.812033333333332,33,30,5b6c7304531593002c49103e,Pizzeri The Rooms,41.320007,19.814081,Italian Restaurant
36,41.3175,19.812033333333332,33,31,52acb96e11d2bfcca236c92f,à la Santé,41.32075972634509,19.81422051719048,French Restaurant
37,41.3175,19.812033333333332,33,32,56ec07b9498e167301395522,Nama Sushi,41.31991542849586,19.816532593564837,Sushi Restaurant
38,41.3175,19.825366666666667,20,0,4dd17f658877851244407ccc,Fiore,41.319442091864666,19.825576613629675,Italian Restaurant
39,41.3175,19.825366666666667,20,1,56b65662498e4ff51ebb2071,Garage Pub,41.31795633800906,19.82913535412458,Pub
40,41.3175,19.825366666666667,20,2,4cb847b390c9a1438e137ed6,Metropolitan Restaurant,41.31674866798787,19.823135085883436,Mediterranean Restaurant
41,41.3175,19.825366666666667,20,3,526fb2ca498ee1d17b05bf97,Oriental City,41.320836412760094,19.82517198058778,Asian Restaurant
42,41.3175,19.825366666666667,20,4,4bf8ee875efe2d7f768b6b34,Juvenilja Castelo,41.316902873837904,19.826187668880433,Eastern European Restaurant
43,41.3175,19.825366666666667,20,5,4fe1a4c3e4b0f77891eac6d0,Era 2,41.3198946872005,19.823495481682897,Mediterranean Restaurant
44,41.3175,19.825366666666667,20,6,4bcee328c564ef3b1ddceef0,Amsterdam,41.32003823491118,19.823887111153873,Mediterranean Restaurant
45,41.3175,19.825366666666667,20,7,4d5d65709895b1f766cdef0f,Vinum,41.317751,19.822622,Italian Restaurant
46,41.3175,19.825366666666667,20,8,51584a97e4b0dc04780ec46f,Paidhaqe,41.31698317996795,19.819439506962574,Greek Restaurant
47,41.3175,19.825366666666667,20,9,5130e6a8e4b090128c8efed0,NYT Bagels,41.321049701804604,19.824724310841958,American Restaurant
48,41.3175,19.825366666666667,20,10,518d527c498eea0c835763a3,Vila Amsterdam,41.319976491873796,19.824067341545884,Italian Restaurant
49,41.3175,19.825366666666667,20,11,56e085becd107ea295cb986a,House of Yasmin,41.320236,19.824776,Middle Eastern Restaurant
50,41.3175,19.825366666666667,20,12,518d5718498ee17ec15c9367,MIMI,41.319589,19.825536,Chinese Restaurant
51,41.3175,19.825366666666667,20,13,5081be26e4b061669660460e,Noel,41.319778884478175,19.825311514081726,Eastern European Restaurant
52,41.3175,19.825366666666667,20,14,4bd17d51b221c9b6fa92d5d0,Viking,41.32009036085666,19.824247571990785,Mediterranean Restaurant
53,41.3175,19.825366666666667,20,15,5381d018498e907db348abdf,Te Bakja,41.320465087890625,19.82894515991211,Mediterranean Restaurant
54,41.3175,19.825366666666667,20,16,53621eb7498e38a0eac79bf6,Dtown,41.32168180310756,19.823945249984224,American Restaurant
55,41.3175,19.825366666666667,20,17,5181779a498e62ca7bb97f45,Far East,41.32016159856534,19.825049888806575,Asian Restaurant
56,41.3175,19.825366666666667,20,18,4d8139da551ea1cd267729c5,Far East,41.3208580452761,19.82156737631607,Asian Restaurant
57,41.3175,19.825366666666667,20,19,5f9eab947ddbfb10518209a8,Opa,41.317486,19.824589,Souvlaki Shop
58,41.3175,19.8387,1,0,55e9ca7b498e721cc3c88a91,MIMI Thai & Chinese Restaurant,41.31395098234423,19.83560801041367,Chinese Restaurant
59,41.3275,19.78536666666667,1,0,598ca036345cbe0d6026d174,Peja,41.329098,19.783942,Eastern European Restaurant
60,41.3275,19.7987,7,0,516ee203e4b0425314fbf744,Colosseo,41.326597,19.801286,Italian Restaurant
61,41.3275,19.7987,7,1,51cad5e4498e2f1ed9e02976,Alfa Two,41.32429932849096,19.796260164971816,Eastern European Restaurant
62,41.3275,19.7987,7,2,512258e2e4b09c46561d5e71,ladi restaurant,41.33081817626953,19.794803619384766,Eastern European Restaurant
63,41.3275,19.7987,7,3,5ca71f9e47f876002cb2fbbd,Mexigal,41.328613,19.802784,Mexican Restaurant
64,41.3275,19.7987,7,4,505f66c3e4b00e4386e67322,Serenata,41.33019115850744,19.80287028605295,Eastern European Restaurant
65,41.3275,19.7987,7,5,51d40980498eda53a85131da,Pitet me Shije,41.323368072509766,19.799449920654297,Eastern European Restaurant
66,41.3275,19.7987,7,6,5899efe38b0ebb6ee71e6cf1,7Slurps,41.32804,19.801693,Italian Restaurant
67,41.3275,19.812033333333332,28,0,4e0e32f1483bc2b5f47f78c6,SofraTurk,41.32718506412115,19.80824220190027,Turkish Restaurant
68,41.3275,19.812033333333332,28,1,52b9a309498e56577a4d45aa,Patricia,41.33177512602721,19.81386987301744,Eastern European Restaurant
69,41.3275,19.812033333333332,28,2,51a9e573498e1641dd228d88,Fish Land,41.324261,19.811318,Mediterranean Restaurant
70,41.3275,19.812033333333332,28,3,587f49fe58c4d13b190a22a9,PATA NEGRA Tirane,41.32359,19.814787,Spanish Restaurant
71,41.3275,19.812033333333332,28,4,5cf2693d3fcee8002ce4b32d,Egen Grill,41.324541,19.816537,Eastern European Restaurant
72,41.3275,19.812033333333332,28,5,53a1d8e8498e96b9f2588162,Safran,41.328196482086035,19.808672368997513,Modern European Restaurant
73,41.3275,19.812033333333332,28,6,4d94e72f74c8236a5032c8fc,Tafaj,41.32503947511576,19.813858245442248,Eastern European Restaurant
74,41.3275,19.812033333333332,28,7,519fa050498e1cfd41f48b16,Makarona te Freskta,41.328298589573905,19.81428846587187,Italian Restaurant
75,41.3275,19.812033333333332,28,8,587ea9108cb34e3b30a39020,PATA NEGRA Tirane,41.323563,19.81477,Spanish Restaurant
76,41.3275,19.812033333333332,28,9,54982d65498e5059831f01f2,Taverna Tafaj,41.328109231367264,19.814398927922966,Arepa Restaurant
77,41.3275,19.812033333333332,28,10,4f2d480de4b0c1a818872916,Pasta e Basta (Te Fari),41.32353271704032,19.81043974794285,Italian Restaurant
78,41.3275,19.812033333333332,28,11,4c93ce3572dd224b020e9491,Restaurant Bogova,41.32476219546892,19.81546285291139,Italian Restaurant
79,41.3275,19.812033333333332,28,12,525bebf611d2435cc5bbfc74,Zgara King Pils,41.330063,19.813245,Turkish Restaurant
80,41.3275,19.812033333333332,28,13,512766bfe4b0041436db2787,Time Out,41.32442332550344,19.809974647723287,Greek Restaurant
81,41.3275,19.812033333333332,28,14,51daca85498eb2a2bb672a61,Almex Contract Furniture,41.33071414200559,19.810933917315037,American Restaurant
82,41.3275,19.812033333333332,28,15,5146c15b067d2661d10e5be0,telegrafi,41.3289698892052,19.815945625305176,Caribbean Restaurant
83,41.3275,19.812033333333332,28,16,4c91d694b641236a01ce8479,Les Crepes,41.331546958273,19.81416637625969,French Restaurant
84,41.3275,19.812033333333332,28,17,4e0a318efa7650d668b248fd,Piazza Restaurant,41.330024516142515,19.816049641748073,Italian Restaurant
85,41.3275,19.812033333333332,28,18,53554469498e7c38a9df4851,Si Ne Korçë,41.331692965927,19.811289310455322,BBQ Joint
86,41.3275,19.812033333333332,28,19,5e0bbf4cb0b31e00070208ca,Fast Food Albania,41.327796,19.816377,Doner Restaurant
87,41.3275,19.812033333333332,28,20,5134edc6e4b021ede52b3a5c,"Zgara ""Nini""",41.325049681968764,19.814131493517834,Steakhouse
88,41.3275,19.812033333333332,28,21,528675f611d2a9967cf04052,Tepelena,41.323413107591314,19.80988162772197,Eastern European Restaurant
89,41.3275,19.812033333333332,28,22,527cf79211d2a312b364778b,Manhattan Restoran & Coffee,41.330195406327654,19.816811656651794,Italian Restaurant
90,41.3275,19.812033333333332,28,23,5743544b498e59628d889165,Doner Turk,41.32904,19.815914,Turkish Restaurant
91,41.3275,19.812033333333332,28,24,57810182498e4ac40c407d7e,Vila 77,41.327814,19.812011,Modern European Restaurant
92,41.3275,19.812033333333332,28,25,5bbbaf03f1936e002b5a1cc3,Mishzgare Hidri,41.324997,19.81495,Middle Eastern Restaurant
93,41.3275,19.812033333333332,28,26,51e8e777498ef2df3af462ef,French Bakery,41.32727406104755,19.81783488905982,French Restaurant
94,41.3275,19.812033333333332,28,27,50be3d2be4b08bfe1b92cc14,Tymi,41.32828502820069,19.811335066864682,Eastern European Restaurant
95,41.3275,19.825366666666667,29,0,4ba4a110f964a52067a838e3,The Stephen Center,41.32951135637702,19.825172855252433,American Restaurant
96,41.3275,19.825366666666667,29,1,563e6238cd10e8b14116ef76,Greek Original Souvlaki,41.328810582470744,19.82302938028436,Souvlaki Shop
97,41.3275,19.825366666666667,29,2,519d24d7498eeba5c7be1ac9,Oda Restaurant,41.329325583551224,19.824003426302014,Eastern European Restaurant
98,41.3275,19.825366666666667,29,3,5d336f6fc46dcb00084df4b9,Odesseasgreektaverna,41.326275,19.821478,Greek Restaurant
99,41.3275,19.825366666666667,29,4,5c76dd4a9de23b0039f6a720,Inshanoo Hummus Bar,41.330606,19.824202,Middle Eastern Restaurant
100,41.3275,19.825366666666667,29,5,5953a0d15c68386149d70040,Ristoro,41.32732,19.822282,Italian Restaurant
101,41.3275,19.825366666666667,29,6,4fd23b0ae4b010dd64dec8fc,Happy Times,41.3299736128145,19.822055740816275,Eastern European Restaurant
102,41.3275,19.825366666666667,29,7,5d094441e47b460039b3d8ff,Royal Pizza,41.326538,19.821755,Italian Restaurant
103,41.3275,19.825366666666667,29,8,5141b23ee4b0d19f9af15065,Grill House,41.32888305399456,19.822881310260236,Greek Restaurant
104,41.3275,19.825366666666667,29,9,5704f1b4498e2d843d033698,Adoro,41.327220846450466,19.824352221950814,Middle Eastern Restaurant
105,41.3275,19.825366666666667,29,10,4c5edd4d7f661b8d84224f1c,Gloria Restorant & Piceri,41.33049201209312,19.82307871157511,Italian Restaurant
106,41.3275,19.825366666666667,29,11,5c45d5e0531593002cce83fe,La Gioia,41.325804,19.822599,Italian Restaurant
107,41.3275,19.825366666666667,29,12,5144bcd4e4b071f0e507c955,Chinese Restorant,41.32621129353859,19.825782439857655,Chinese Restaurant
108,41.3275,19.825366666666667,29,13,5bedac96b25fee002cdc872a,sambal,41.330439,19.824806,Indonesian Restaurant
109,41.3275,19.825366666666667,29,14,5055c9ade4b01ef822862d2d,China Bar,41.326628662958626,19.821160406196316,Asian Restaurant
110,41.3275,19.825366666666667,29,15,5238ac1f11d223ed18a58ae8,Ristorante Frasheri,41.326619,19.825879,Italian Restaurant
111,41.3275,19.825366666666667,29,16,538a2398498ee7f0fb24f4a6,Il Posto,41.32834340538396,19.830195206311,Mediterranean Restaurant
112,41.3275,19.825366666666667,29,17,572661b0498e6bd67a9fe7d0,PANEVINO,41.327575925980234,19.82137462650413,Italian Restaurant
113,41.3275,19.825366666666667,29,18,51aa4648498e9a481a1d6eef,Rozafa Seafood,41.32875868313725,19.822823171530644,Seafood Restaurant
114,41.3275,19.825366666666667,29,19,55de5a52498e646ae0eee96c,Te Paçja,41.330969,19.82389,Mediterranean Restaurant
115,41.3275,19.825366666666667,29,20,4faea46be4b0ba6ff411799b,Lulishte 1 Maj,41.326229,19.825335,Mediterranean Restaurant
116,41.3275,19.825366666666667,29,21,594802f908815818eab5ccfd,Turkısh Pasta Coffee,41.329821,19.82415,Turkish Restaurant
117,41.3275,19.825366666666667,29,22,4f608334e4b0f492ad675c86,Shtepia E Birres,41.32755,19.823983,Mediterranean Restaurant
118,41.3275,19.825366666666667,29,23,4fdf8d2be4b044d93c71f75a,Vinum,41.330396,19.823374,Italian Restaurant
119,41.3275,19.825366666666667,29,24,54156507498ecd371790fca5,Torcoletto Ristorante,41.32890701293945,19.82382583618164,Italian Restaurant
120,41.3275,19.825366666666667,29,25,51670e0ae4b080e1eedb0aa8,"""Vila Frasheri""",41.326613,19.82588,Italian Restaurant
121,41.3275,19.825366666666667,29,26,54c4fec0498efcff06fc4b11,Taverna Vasili 2,41.32625961303711,19.825824737548828,Mediterranean Restaurant
122,41.3275,19.825366666666667,29,27,572ca0ec498e602b42f30c18,Trattoria Buonocore,41.330526,19.823237,Italian Restaurant
123,41.3275,19.825366666666667,29,28,54aee28f498e57df8bf22cf7,Opium Sushi Bar,41.326033673956616,19.82095692123773,Japanese Restaurant
124,41.3375,19.78536666666667,2,0,59039855cad1b6166c3815e2,Strasbourg Restaurant & Pizzeria,41.333978,19.782455,Italian Restaurant
125,41.3375,19.78536666666667,2,1,5f568a4ec2fdd77d5847b686,Anise Cafe  Baklava Döner Maraş Dondurma,41.339525,19.786683,Turkish Restaurant
126,41.3375,19.7987,2,0,563cc548cd10fc8926a1e58b,Restaurant Ferrari,41.3397216796875,19.802688598632812,Italian Restaurant
127,41.3375,19.7987,2,1,4ed66af12c5b3d826eae004f,İstanbul Park Restoran,41.33439571999313,19.802812149229684,Turkish Restaurant
128,41.3375,19.812033333333332,2,0,54c68400498e8530fe179d6a,Istanbul Grill,41.337619060080165,19.812067272435534,Turkish Restaurant
129,41.3375,19.812033333333332,2,1,5ba12663d03360003946fd62,Merakliu Fast Food,41.335657,19.815888,Souvlaki Shop
130,41.3375,19.825366666666667,1,0,50a7e905e4b007904af250b2,Vila Floso,41.33527417573522,19.82479989142551,Eastern European Restaurant
131,41.3375,19.8387,1,0,527feda8498edb6619369a03,Ija,41.339863,19.839691,Caribbean Restaurant
132,41.3475,19.85203333333333,1,0,518b54ab498ebc3341f488d9,Fresku,41.34557061408896,19.85412004153597,Eastern European Restaurant
133,41.3475,19.865366666666667,2,0,513c7dd5e4b05d5c31f296ea,Foresta,41.350733293863456,19.862294813158545,Mediterranean Restaurant
134,41.3475,19.865366666666667,2,1,51571632e4b0113a083b3d91,Te Kasaci,41.347265,19.870776,Mediterranean Restaurant
